loss,auc-pr,val_loss,val_auc-pr
0.6933321952819824,0.5242356061935425,0.6698923110961914,0.04649190604686737
