loss,val_loss
0.49135372042655945,0.460079550743103
