loss,val_loss
0.6445319652557373,0.5625276565551758
0.584960401058197,0.5594295859336853
