loss,val_loss
0.6686745285987854,0.600787341594696
0.6604393720626831,0.6172794699668884
0.6634736657142639,0.630058228969574
