loss,val_loss
0.49276384711265564,0.5209411978721619
