loss,val_loss
0.49316608905792236,0.5257212519645691
